AgentIndex,Episode,TimeInRangeRatio,MeanDeviation,TotalEvents,EventsPerMinute,PanicCount,MaxHR,MeanRecoveryTime,OverreactionCount
0,0,0.9444444,5.646242,1,3.333333,0,94.06747,1,0
0,1,0.8181818,6.291279,2,10.90909,0,100.1321,2,0
0,2,0.9230769,4.027272,1,4.615385,0,99.64205,1,0
0,3,0.9090909,5.512181,1,5.454545,0,100.1528,1,0
0,4,0.9166667,5.177865,1,5,0,100.5894,1,0
0,5,0.7777778,8.067464,2,13.33333,0,99.92612,2,1
0,6,0.7777778,8.430073,1,3.333333,0,106.328,4,0
0,7,0.9333333,1.958008,1,4,0,96.84162,1,0
0,8,0.9285714,2.383023,1,4.285714,0,97.62654,1,0
0,9,0.9285714,7.844523,1,4.285714,0,103.9625,1,0
0,10,0.5,10.77379,2,12,0,105.2121,1,0
0,11,0.9166667,7.382401,1,5,0,102.8867,1,0
0,12,0.9333333,6.599006,1,4,0,91.70411,1,0
0,13,0.875,6.277154,2,7.5,0,92.63246,2,1
0,14,0.9375,3.110124,1,3.75,0,99.8596,1,0
0,15,0.875,3.760146,2,7.5,0,97.18933,2,1
0,16,0.5,10.28388,2,10,0,107.103,3,0
0,17,0.3846154,11.51497,2,9.230769,0,108.363,1,0
0,18,0.6666667,10.65517,2,10,0,105.2788,2,1
0,19,0.9,4.29002,2,6,0,94.53194,2,0
0,20,0.5,10.98288,2,10,0,106.289,1,0
0,21,0.9333333,6.941704,2,8,0,102.3175,1,0
0,22,0.7857143,7.516242,2,8.571428,0,97.8337,1.5,0
0,23,0.8181818,4.587889,2,10.90909,0,96.55304,1,0
0,24,0.8235294,11.13312,2,7.058824,0,88.91351,3,1
0,25,0.75,10.10282,2,10,0,103.5006,1.5,0
0,26,0.8,10.29704,1,6,0,86.379,1,0
0,27,0.6923077,10.64693,2,9.230769,0,107.9486,1,0
0,28,0.8666667,6.369109,2,8,0,92.62863,2,1
0,29,0.8666667,7.696651,2,8,0,93.58672,2,0
0,30,0.9333333,4.519714,2,8,0,100.1353,1,0
0,31,0.9090909,5.71841,2,5.454545,0,94.79782,2,1
0,32,0.9090909,4.310129,1,5.454545,0,99.18449,1,0
0,33,0.9230769,4.067744,1,4.615385,0,92.85766,1,0
0,34,0.9090909,7.393512,1,5.454545,0,101.9886,1,0
0,35,0.9411765,3.914351,1,3.529412,0,99.99583,1,0
0,36,0.5454546,12.42463,3,16.36364,0,90.05978,5,0
0,37,0.9285714,7.627722,1,4.285714,0,90.36266,1,0
0,38,0.125,14.51448,2,7.5,0,110.7234,1,0
0,39,0.2941177,13.63823,2,7.058824,0,110.9213,1,0
0,40,0.9,7.617901,2,12,0,93.4156,1,0
0,41,0.9333333,7.689482,1,4,0,103.941,1,0
0,42,0.8333333,9.715377,3,15,0,91.20447,2,1
0,43,0.9090909,4.281176,1,5.454545,0,94.13898,1,0
0,44,0.5,8.911834,3,15,0,93.36008,6,0
0,45,0.5,12.06548,2,10,0,108.1517,1,0
0,46,0.9166667,5.622849,1,5,0,101.3283,1,0
0,47,0.8333333,6.97136,2,10,0,92.13421,2,0
0,48,0.9565217,4.887689,2,5.217391,0,96.44724,1,0
0,49,0.5,13.94604,2,8.571428,0,114.8887,1,0
0,50,0.7,10.23779,1,6,0,105.5454,3,0
0,51,0.4375,10.79086,2,7.5,0,107.5091,4.5,0
0,52,0.9411765,8.052926,1,3.529412,0,104.7636,1,0
0,53,0.9230769,7.580162,1,4.615385,0,104.4754,1,0
0,54,0.9583333,5.777514,1,2.5,0,103.4371,1,0
0,55,0.8461539,6.197941,2,9.230769,0,94.46265,2,0
0,56,0.9090909,5.531361,3,8.181818,0,95.013,2,0
0,57,0.7857143,9.628906,3,12.85714,0,91.00194,3,0
0,58,0.8333333,9.836192,3,15,0,103.5212,2,1
0,59,0.25,17.16085,2,10,0,115.9734,1,0
0,60,0.8571429,7.714454,2,8.571428,0,92.98459,2,1
0,61,0.9166667,7.709502,2,10,0,103.0428,1,0
0,62,0.8181818,7.175201,2,10.90909,0,93.08828,2,1
0,63,0.9090909,4.69728,2,5.454545,0,93.67651,2,0
0,64,0.25,11.97006,2,10,0,106.6969,4.5,1
0,65,0.9166667,2.663614,1,5,0,94.96027,1,0
0,66,0.5384616,10.3045,1,4.615385,0,108.2848,6,0
0,67,0.7647059,9.111739,2,7.058824,0,105.9402,4,1
0,68,0.8571429,8.214577,1,4.285714,0,105.5011,2,0
0,69,0.3157895,12.16837,2,6.31579,0,109.9468,1,0
0,70,0.9230769,8.242517,1,4.615385,0,90.12879,1,0
0,71,0.9090909,10.03657,1,5.454545,0,87.75179,1,0
0,72,0.9,6.093147,1,6,0,91.15413,1,0
0,73,0.96,8.243791,2,4.8,0,104.2375,1,0
0,74,0.9166667,7.651329,1,5,0,90.71889,1,0
0,75,0.6666667,5.686018,2,8,0,97.95163,5,0
0,76,0.9333333,6.10196,1,4,0,92.6587,1,0
0,77,0.8181818,8.454926,3,16.36364,0,100.3349,2,1
0,78,0.5454546,11.13695,1,5.454545,0,87.38109,1,0
0,79,0.8333333,10.52503,3,15,0,88.72466,2,1
0,80,0.9047619,5.672711,2,5.714286,0,94.11395,2,0
0,81,0.3529412,11.69454,2,7.058824,0,110.2555,1,0
0,82,0.8888889,8.641864,1,6.666667,0,90.37289,1,0
0,83,0.9411765,3.707168,2,7.058824,0,94.65514,1,0
0,84,0.9166667,4.509151,1,5,0,98.86602,1,0
0,85,0.3,9.566065,2,12,0,98.28596,7,0
0,86,0.9166667,6.669694,2,10,0,100.394,1,0
0,87,0.9090909,3.710815,1,5.454545,0,95.00212,1,0
0,88,0.7692308,7.160146,3,13.84615,0,93.76151,3,2
0,89,0.9333333,3.723513,1,4,0,100.9125,1,0
0,90,0.9166667,3.506957,1,5,0,95.99283,1,0
0,91,0.375,10.85927,1,3.75,0,106.1329,10,0
0,92,0.9333333,3.582152,1,4,0,95.88811,1,0
0,93,0.9285714,7.230503,1,4.285714,0,102.9926,1,0
0,94,0.8666667,7.170976,3,12,0,97.56132,2,1
0,95,0.9285714,7.846286,2,8.571428,0,101.6432,1,0
0,96,0.8695652,6.630233,3,7.826087,0,95.82104,1.5,0
0,97,0.9090909,6.82022,1,5.454545,0,101.5053,1,0
0,98,0.8571429,8.156694,1,4.285714,0,91.30465,1,0
0,99,0.8461539,7.307311,2,9.230769,0,91.95605,2,1
0,100,0.8181818,4.957698,2,10.90909,0,97.46107,2,1
0,101,0.9444444,4.949385,1,3.333333,0,93.62511,1,0
0,102,0.8333333,7.008667,3,15,0,100.3422,2,1
0,103,0.9333333,3.980403,1,4,0,100.501,1,0
0,104,0.8666667,3.212923,2,8,0,95.07758,2,1
0,105,0.9166667,6.239425,1,5,0,91.39243,1,0
0,106,0.9285714,3.437005,1,4.285714,0,94.53948,1,0
0,107,0.8636364,6.332131,2,5.454545,0,104.2417,3,0
0,108,0.8461539,10.70347,1,4.615385,0,87.22289,1,0
0,109,0.8461539,4.048208,2,9.230769,0,97.91851,2,1
0,110,0.9444444,2.815013,1,3.333333,0,99.0006,1,0
0,111,0.9285714,2.424291,1,4.285714,0,95.16026,1,0
0,112,0.9565217,3.821418,1,2.608696,0,101.2527,1,0
0,113,0.5,10.05327,1,3,0,107.194,10,0
0,114,0.9,9.73094,1,6,0,87.90188,1,0
0,115,0.9333333,3.641389,1,4,0,94.99477,1,0
0,116,0.8571429,7.163592,2,5.714286,0,103.4533,3,0
0,117,0.5,10.58366,2,5,0,107.6133,6,1
0,118,0.9166667,2.979307,1,5,0,96.32032,1,0
0,119,0.6153846,13.37804,2,9.230769,0,115.174,1,0
0,120,0.9230769,8.991201,1,4.615385,0,90.37479,1,0
0,121,0.6923077,9.497106,1,4.615385,0,88.13653,1,0
0,122,0.9333333,3.081767,2,8,0,95.14616,1,0
0,123,0.9166667,3.904161,3,7.5,0,97.51443,2,0
0,124,0.9166667,6.058849,1,5,0,92.3073,1,0
0,125,0.3333333,15.16135,2,8,0,114.7282,1,0
0,126,0.7692308,7.444899,2,9.230769,0,101.2705,3,0
0,127,0.9285714,7.275884,1,4.285714,0,90.68894,1,0
0,128,0.8571429,9.721549,1,4.285714,0,89.69698,1,0
0,129,0.9333333,6.19651,1,4,0,102.4396,1,0
0,130,0.9230769,4.911489,1,4.615385,0,100.1703,1,0
0,131,0.5714286,11.00296,3,12.85714,0,89.4729,3,0
0,132,0.4166667,9.67657,2,10,0,108.602,1,0
0,133,0.8333333,7.609867,2,10,0,91.34529,2,1
0,134,0.8461539,7.107895,2,9.230769,0,91.82008,2,0
0,135,0.8421053,5.372157,2,6.31579,0,96.22885,3,0
0,136,0.9166667,6.037189,1,5,0,92.17298,1,0
0,137,0.9047619,5.765673,2,5.714286,0,103.0306,2,1
0,138,0.8333333,9.722526,1,5,0,89.25908,1,0
0,139,0.8333333,5.608614,2,10,0,94.96191,2,0
0,140,0.5714286,10.46208,1,4.285714,0,89.2865,1,0
0,141,0.9090909,4.377886,2,10.90909,0,93.98849,1,0
0,142,0.9166667,3.074919,1,5,0,97.92317,1,0
0,143,0.8181818,6.998955,3,16.36364,0,96.97558,2,0
0,144,0.75,5.278868,2,10,0,96.29391,1.5,0
0,145,0.9285714,8.235888,1,4.285714,0,103.9858,1,0
0,146,0.8823529,4.288075,2,7.058824,0,97.84986,2,0
0,147,0.7857143,8.508274,1,4.285714,0,105.9717,3,0
0,148,0.5882353,9.4757,1,3.529412,0,90.66118,1,0
0,149,0.9285714,5.403656,2,8.571428,0,92.1028,1,0
0,150,0.9047619,7.092525,2,5.714286,0,105.0605,1,0
0,151,0.8181818,7.593624,2,10.90909,0,92.2882,2,1
0,152,0.85,9.333959,1,3,0,89.32645,1,0
0,153,0.9285714,5.969559,1,4.285714,0,101.8318,1,0
0,154,0.8666667,8.875983,2,8,0,103.8921,2,1
0,155,0.6363636,7.237552,2,10.90909,0,92.69557,4,0
0,156,0.8571429,8.626269,1,4.285714,0,90.22227,1,0
0,157,0.7142857,10.91209,1,4.285714,0,87.42593,2,0
0,158,0.9230769,6.091019,1,4.615385,0,92.65192,1,0
0,159,0.9285714,5.66446,1,4.285714,0,93.57156,1,0
0,160,0.9285714,7.024538,1,4.285714,0,91.61076,1,0
0,161,0.9,7.93529,2,6,0,91.82545,2,0
0,162,0.8823529,6.45583,2,7.058824,0,94.05496,2,1
0,163,0.9166667,7.709845,1,5,0,103.1356,1,0
0,164,0.84,7.995688,2,4.8,0,105.3865,2,0
0,165,0.875,4.18936,2,7.5,0,96.71065,2,1
0,166,0.9615384,6.112999,2,4.615385,0,103.2223,1,0
0,167,0.8421053,5.887164,4,12.63158,0,97.43665,3,0
0,168,0.8461539,7.422007,3,13.84615,0,98.98931,2,0
0,169,0.9166667,7.866704,1,5,0,89.3012,1,0
0,170,0.1153846,14.08167,2,4.615385,0,113.0745,1,0
0,171,0.9333333,3.831272,2,8,0,95.47649,1,0
0,172,0.9375,4.434576,1,3.75,0,93.92649,1,0
0,173,0.4285714,13.70489,2,8.571428,0,111.5303,1,0
0,174,0.8571429,8.627241,2,8.571428,0,91.34839,2,0
0,175,0.6363636,10.53053,2,10.90909,0,103.8214,4,0
0,176,0.4285714,9.776842,2,5.714286,0,108.9975,1,0
0,177,0.9285714,7.215273,2,8.571428,0,99.741,1,0
0,178,0.9285714,6.14913,1,4.285714,0,91.11156,1,0
0,179,0.9230769,7.696572,1,4.615385,0,103.4916,1,0
0,180,0.9,7.491666,1,3,0,92.20792,1,0
0,181,0.9583333,2.954651,1,2.5,0,100.4004,1,0
0,182,0.9545454,4.121638,1,2.727273,0,102.8835,1,0
0,183,0.9333333,3.644045,1,4,0,99.05654,1,0
0,184,0.9375,2.871383,1,3.75,0,98.41746,1,0
0,185,0.9375,4.252598,2,7.5,0,98.40723,1,0
0,186,0.952381,3.711979,2,5.714286,0,98.094,1,0
0,187,0.9285714,2.974721,1,4.285714,0,97.4947,1,0
0,188,0.8571429,9.559311,3,12.85714,0,101.7234,2,0
0,189,0.9333333,6.993454,1,4,0,90.62492,1,0
0,190,0.8421053,8.26134,2,6.31579,0,104.7446,3,0
0,191,0.6428571,9.995427,1,4.285714,0,106.2234,5,0
0,192,0.9,8.43637,1,6,0,102.5714,1,0
0,193,0.6842105,8.366856,1,3.157895,0,91.34277,1,0
0,194,0.9,9.072008,2,12,0,102.1002,1,0
0,195,0.8,4.744116,2,8,0,95.1385,3,0
0,196,0.8823529,4.381022,2,7.058824,0,100.4682,2,0
0,197,0.9,7.451508,2,6,0,103.4615,2,1
0,198,0.9047619,6.954488,2,5.714286,0,93.74747,2,1
0,199,0.9285714,2.915704,1,4.285714,0,97.09045,1,0
0,200,0.9130435,5.676901,2,5.217391,0,101.062,2,0
0,201,0.7692308,10.23693,1,4.615385,0,88.37578,1,0
0,202,0.952381,5.835875,2,5.714286,0,103.1693,1,0
0,203,0.7272727,11.60857,2,10.90909,0,105.7252,1,0
0,204,0.9230769,2.78366,1,4.615385,0,96.10217,1,0
0,205,0.9285714,3.183722,1,4.285714,0,95.05168,1,0
0,206,0.8571429,5.927997,2,8.571428,0,94.68379,1,0
0,207,0.7692308,10.29555,2,9.230769,0,104.4929,3,0
0,208,0.9,6.991269,1,6,0,102.1713,1,0
0,209,0.8333333,8.444934,2,10,0,91.37953,2,1
0,210,0.4615385,10.93178,4,18.46154,0,97.80099,7,1
0,211,0.3333333,12.33906,2,10,0,107.1053,8,0
0,212,0.9285714,3.506536,1,4.285714,0,96.42017,1,0
0,213,0.9230769,9.191885,2,9.230769,0,103.1145,1,0
0,214,0.08695652,12.27161,2,5.217391,0,109.0465,10.5,0
0,215,0.5,13.33692,2,12,0,110.2205,1,0
0,216,0.75,9.208583,1,5,0,89.97578,1,0
0,217,0.8571429,10.03238,2,8.571428,0,89.19743,2,1
0,218,0.8125,8.760628,1,3.75,0,90.38691,1,0
0,219,0.8666667,7.440971,2,8,0,91.60569,2,1
0,220,0.8571429,8.000873,2,8.571428,0,103.613,2,1
0,221,0.8888889,8.065957,2,6.666667,0,90.6497,2,1
0,222,0.8333333,8.206117,2,10,0,101.335,2,0
0,223,0.9230769,7.022003,3,13.84615,0,94.09322,1,0
0,224,0.9130435,4.646223,3,7.826087,0,99.69617,2,1
0,225,0.5454546,9.329834,2,10.90909,0,100.9471,2.5,0
0,226,0.8888889,5.819126,2,6.666667,0,101.1735,2,0
0,227,0.92,6.813184,2,4.8,0,93.58014,2,0
0,228,0.9615384,3.949589,2,4.615385,0,98.77543,1,0
0,229,0.9166667,7.363506,1,5,0,90.81175,1,0
0,230,0.9545454,3.223878,2,5.454545,0,96.7509,1,0
0,231,0.9411765,7.348225,1,3.529412,0,91.00822,1,0
0,232,0.9230769,2.803884,1,4.615385,0,96.17719,1,0
0,233,0.8461539,9.607817,2,9.230769,0,89.60705,2,1
0,234,0.9259259,6.425608,1,2.222222,0,94.85761,1,0
0,235,0.9411765,7.440825,1,3.529412,0,91.87584,1,0
0,236,0.9230769,8.422652,1,4.615385,0,90.17912,1,0
0,237,0.4375,12.46962,2,7.5,0,112.1287,1,0
0,238,0.9090909,7.058772,2,10.90909,0,98.5807,1,0
0,239,0.8823529,5.660131,2,7.058824,0,93.41278,2,1
0,240,0.9285714,2.730294,1,4.285714,0,96.43215,1,0
0,241,0.9166667,8.288625,1,5,0,91.28745,1,0
0,242,0.7692308,6.828743,2,9.230769,0,100.27,3,0
0,243,0.8181818,4.977139,2,10.90909,0,95.36757,2,1
0,244,0.875,8.432404,2,5,0,105.6653,1.5,0
0,245,0.9411765,3.541941,1,3.529412,0,95.99797,1,0
0,246,0.9473684,3.86562,1,3.157895,0,100.584,1,0
0,247,0.9375,7.070494,1,3.75,0,103.3386,1,0
0,248,0.9473684,6.876232,2,6.31579,0,101.125,1,0
0,249,0.95,3.943923,1,3,0,96.06213,1,0
0,250,0.7272727,8.408868,3,16.36364,0,91.94779,3,0
0,251,0.1785714,13.48046,2,4.285714,0,114.4617,1,0
0,252,0.8823529,4.427318,2,7.058824,0,96.70351,2,1
0,253,0.75,7.458848,3,15,0,93.28014,3,0
0,254,0.9047619,7.333405,2,5.714286,0,91.67873,2,1
0,255,0.7857143,7.274543,2,8.571428,0,93.13895,3,0
0,256,0.9333333,7.64852,1,4,0,103.1852,1,0
0,257,0.9166667,7.76145,2,10,0,100.8103,1,0
0,258,0.6,10.10187,2,8,0,106.2702,6,0
0,259,0.7692308,7.857963,3,13.84615,0,97.60257,1.5,1
0,260,0.8181818,9.789463,1,5.454545,0,89.1965,1,0
0,261,0.96,5.485991,3,7.2,0,94.73653,1,0
0,262,0.8823529,5.611194,2,7.058824,0,101.7942,2,1
0,263,0.8333333,6.946316,2,10,0,93.05027,2,1
0,264,0.9375,7.746354,1,3.75,0,89.95985,1,0
0,265,0.9285714,2.027124,1,4.285714,0,97.55984,1,0
0,266,0.9230769,8.455484,1,4.615385,0,88.74237,1,0
0,267,0.9285714,7.64861,1,4.285714,0,89.07455,1,0
0,268,0.4,10.09925,2,12,0,89.11661,6,0
0,269,0.9090909,7.724854,2,5.454545,0,91.75535,2,0
0,270,0.7333333,10.05837,2,8,0,103.5864,2,0
0,271,0.8421053,8.9325,2,6.31579,0,91.42273,3,0
0,272,0.9473684,2.413658,1,3.157895,0,97.77958,1,0
0,273,0.8181818,4.450967,2,10.90909,0,97.79642,2,0
0,274,0.7391304,8.46478,1,2.608696,0,90.33665,1,0
0,275,0.95,2.802417,1,3,0,98.94709,1,0
0,276,0.9230769,3.885911,1,4.615385,0,95.82604,1,0
0,277,0.7272727,6.447634,2,10.90909,0,97.15092,3,0
0,278,0.8666667,7.435508,2,8,0,91.12598,2,1
0,279,0.9230769,4.543605,1,4.615385,0,93.92784,1,0
0,280,0.5333334,10.98033,2,8,0,107.5629,3.5,0
0,281,0.9090909,6.558585,1,5.454545,0,91.48417,1,0
0,282,0.9444444,5.055695,1,3.333333,0,93.45199,1,0
0,283,0.8666667,4.613462,2,8,0,98.80653,2,1
0,284,0.8,9.487614,1,3,0,88.78258,1,0
0,285,0.9090909,3.314326,1,5.454545,0,99.16539,1,0
0,286,0.9,6.968146,2,12,0,94.35195,1,0
0,287,0.9166667,2.649066,1,5,0,97.68735,1,0
0,288,0.9375,6.280595,1,3.75,0,93.30475,1,0
0,289,0.9583333,5.733771,1,2.5,0,92.77824,1,0
0,290,0.9411765,6.267638,1,3.529412,0,102.9886,1,0
0,291,0.8181818,7.075446,2,10.90909,0,95.02881,1,0
0,292,0.8666667,4.543746,2,8,0,95.46888,2,1
0,293,0.9166667,6.869224,1,5,0,102.2179,1,0
0,294,0.5882353,9.979698,2,7.058824,0,106.0371,7,1
0,295,0.9285714,3.545379,1,4.285714,0,94.2517,1,0
0,296,0.9230769,5.240086,1,4.615385,0,93.98118,1,0
0,297,0.9230769,6.76565,1,4.615385,0,89.97016,1,0
0,298,0.9333333,6.001857,1,4,0,92.22662,1,0
0,299,0.75,5.321867,2,10,0,97.32787,3,0
0,300,0.9333333,7.150992,1,4,0,91.72516,1,0
0,301,0.8928571,8.616685,3,6.428571,0,91.66846,3,0
0,302,0.9090909,6.951666,1,5.454545,0,90.27224,1,0
0,303,0.9166667,5.770945,1,5,0,92.87605,1,0
0,304,0.95,5.943347,2,6,0,102.4586,1,0
0,305,0.9230769,6.643669,1,4.615385,0,101.9339,1,0
0,306,0.4545455,10.8248,3,16.36364,0,92.13852,6,0
0,307,0.9230769,2.764776,1,4.615385,0,96.49068,1,0
0,308,0.9285714,3.767786,1,4.285714,0,99.21177,1,0
0,309,0.9615384,2.802371,1,2.307692,0,99.36639,1,0
0,310,0.8947368,6.777254,2,6.31579,0,92.4387,2,0
0,311,0.8666667,4.904184,2,8,0,99.159,2,1
0,312,0.9333333,6.286563,2,8,0,101.4844,1,0
0,313,0.8666667,5.924844,3,12,0,100.6601,2,0
0,314,0.9375,3.185773,1,3.75,0,100.0278,1,0
0,315,0.9285714,6.394032,1,4.285714,0,103.6784,1,0
0,316,0.6086956,10.0668,2,5.217391,0,107.392,4.5,0
0,317,0.6363636,9.975086,3,16.36364,0,99.00019,2,0
0,318,0.5789474,10.37567,2,6.31579,0,106.5741,8,0
0,319,0.9375,6.382884,1,3.75,0,93.3616,1,0
0,320,0.8,4.172357,2,8,0,95.70325,3,0
0,321,0.9090909,4.444883,1,5.454545,0,99.47171,1,0
0,322,0.9166667,4.072747,1,5,0,93.90389,1,0
0,323,0.9375,7.296309,1,3.75,0,91.12449,1,0
0,324,0.8461539,10.58447,3,13.84615,0,103.3739,2,0
0,325,0.8421053,5.933086,3,9.473684,0,95.54191,3,0
0,326,0.9473684,4.87999,1,3.157895,0,95.0053,1,0
0,327,0.9090909,6.394497,1,5.454545,0,90.94805,1,0
0,328,0.7272727,8.977802,3,8.181818,0,106.4257,3,0
0,329,0.5,12.16446,2,12,0,105.1988,5,0
0,330,0.9411765,4.837158,1,3.529412,0,92.78081,1,0
0,331,0.9411765,4.058784,1,3.529412,0,93.32279,1,0
0,332,0.8947368,8.402431,3,9.473684,0,102.7324,2,0
0,333,0.8333333,6.801404,2,10,0,100.3898,2,1
0,334,0.9230769,3.46029,1,4.615385,0,94.92177,1,0
0,335,0.8571429,3.863052,2,8.571428,0,96.80552,2,1
0,336,0.8947368,3.927252,2,6.31579,0,99.14391,2,0
0,337,0.9285714,5.639307,1,4.285714,0,100.5483,1,0
0,338,0.96,3.236787,2,4.8,0,98.42111,1,0
0,339,0.8461539,8.892463,3,13.84615,0,102.4677,2,0
0,340,0.9230769,4.845983,1,4.615385,0,100.8098,1,0
0,341,0.9090909,10.22286,1,5.454545,0,88.21376,1,0
0,342,0.3076923,14.72915,2,9.230769,0,112.4269,1,0
0,343,0.9166667,3.615648,1,5,0,99.36568,1,0
0,344,0.9375,7.501154,1,3.75,0,90.37846,1,0
0,345,0,12.17209,1,4.285714,0,108.3563,0,0
0,346,0.9166667,7.067045,1,5,0,91.83398,1,0
0,347,0.4615385,9.585912,3,13.84615,0,93.03887,7,0
0,348,0.9285714,5.168144,1,4.285714,0,92.88747,1,0
0,349,0.8571429,9.368513,2,8.571428,0,90.23699,2,1
0,350,0,14.99069,2,8.571428,0,110.4516,0,0
0,351,0.5833333,11.48953,1,5,0,87.01575,1,0
0,352,0.4545455,11.98459,2,10.90909,0,110.903,1,0
0,353,0.9333333,2.264032,1,4,0,97.90889,1,0
0,354,0.95,6.614249,2,6,0,102.7027,1,0
0,355,0.9565217,3.678107,1,2.608696,0,96.82159,1,0
0,356,0.9090909,6.228608,1,5.454545,0,101.7819,1,0
0,357,0.9333333,7.942521,1,4,0,89.74536,1,0
0,358,0.8666667,7.180309,2,8,0,92.40932,2,1
0,359,0.4615385,15.08107,2,9.230769,0,114.3462,1,0
0,360,0.9375,2.836251,1,3.75,0,96.53659,1,0
0,361,0.8461539,6.206995,1,2.307692,0,106.0819,4,0
0,362,0.9230769,3.201524,1,4.615385,0,95.47239,1,0
0,363,0.6153846,7.884555,3,13.84615,0,94.59573,5,0
0,364,0.9090909,3.719406,1,5.454545,0,94.18379,1,0
0,365,0.9166667,2.774076,1,5,0,97.93215,1,0
0,366,0.9473684,2.827815,1,3.157895,0,98.99254,1,0
0,367,0.9230769,4.291785,1,4.615385,0,93.28996,1,0
0,368,0.9,5.227743,3,9,0,99.91899,2,0
0,369,0.9444444,4.062122,2,6.666667,0,95.87261,1,0
0,370,0.8571429,7.007579,2,8.571428,0,93.05225,2,1
0,371,0.875,4.400917,3,11.25,0,98.2774,2,0
0,372,0.9285714,5.751858,1,4.285714,0,92.6021,1,0
0,373,0.9230769,2.549918,1,4.615385,0,97.25958,1,0
0,374,0.8947368,4.958337,2,6.31579,0,94.02189,2,1
0,375,0.9166667,3.065419,1,5,0,98.2506,1,0
0,376,0.7692308,9.849107,1,4.615385,0,88.85883,1,0
0,377,0.9,6.224542,1,6,0,91.97334,1,0
0,378,0.6666667,10.22468,3,15,0,91.0239,2,0
0,379,0.8461539,5.4351,2,9.230769,0,92.92353,2,1
0,380,0.9,4.793066,2,6,0,100.7768,2,1
0,381,0.9473684,4.119844,2,6.31579,0,99.70437,1,0
0,382,0.5,10.01601,1,4.285714,0,106.1721,3.5,0
0,383,0.96,3.440352,2,4.8,0,98.2088,1,0
0,384,0.9473684,3.911586,2,6.31579,0,97.29318,1,0
0,385,0.8823529,7.123066,2,7.058824,0,90.93626,2,0
0,386,0.5,9.796371,2,8.571428,0,89.96252,7,0
0,387,0.875,6.965803,2,7.5,0,102.2916,2,1
0,388,0.9411765,6.300959,1,3.529412,0,92.29533,1,0
0,389,0.9230769,6.860599,2,9.230769,0,100.857,1,0
0,390,0.3076923,12.65608,2,9.230769,0,109.9533,1,0
0,391,0.9285714,2.70364,1,4.285714,0,96.41018,1,0
0,392,0.8181818,9.400874,2,10.90909,0,90.86091,2,1
0,393,0.9285714,3.76503,2,8.571428,0,96.10757,1,0
0,394,0.8888889,7.585215,1,3.333333,0,91.65767,1,0
0,395,0.5333334,8.227996,2,8,0,105.9795,1,0
0,396,0.5833333,10.29118,1,5,0,88.69266,1,0
0,397,0.5625,10.25853,2,7.5,0,106.5071,1,0
0,398,0.8333333,4.009543,2,10,0,98.19562,2,0
0,399,0.6428571,10.15951,2,8.571428,0,105.5839,5,1
0,400,0.9090909,4.212902,2,5.454545,0,94.89468,2,0
0,401,0.8,9.876034,3,18,0,97.8437,2,1
0,402,0.9090909,6.780134,1,5.454545,0,90.6454,1,0
0,403,0.8333333,5.918912,2,10,0,94.36983,2,1
0,404,0.8666667,5.866296,3,12,0,99.9098,2,0
0,405,0.8181818,6.856015,2,10.90909,0,94.35143,2,1
0,406,0.9230769,6.273113,1,4.615385,0,92.59861,1,0
0,407,0.9333333,5.661651,2,8,0,93.42696,1,0
0,408,0.8461539,7.492842,2,9.230769,0,92.36131,2,1
0,409,0.9090909,7.198547,1,5.454545,0,91.66347,1,0
0,410,0.8333333,4.703987,2,10,0,97.05209,2,0
0,411,0.9230769,7.418889,1,4.615385,0,90.78062,1,0
0,412,0.9333333,5.776974,2,8,0,99.76456,1,0
0,413,0.8461539,5.983238,2,9.230769,0,99.53963,2,1
0,414,0.75,11.08767,3,15,0,90.04578,3,2
0,415,0.9444444,5.891023,1,3.333333,0,102.0581,1,0
0,416,0.8333333,9.272826,2,10,0,103.6784,2,0
0,417,0.9166667,3.636774,1,5,0,93.74135,1,0
0,418,0.9,6.865766,1,6,0,90.82272,1,0
0,419,0.9411765,7.517367,2,7.058824,0,91.3353,1,0
0,420,0.962963,5.795402,1,2.222222,0,92.72482,1,0
0,421,0.9166667,5.67176,1,5,0,101.3413,1,0
0,422,0.9375,5.669261,1,3.75,0,101.2777,1,0
0,423,0.2,14.17095,2,4.8,0,112.9603,10,0
0,424,0.9583333,6.428663,1,2.5,0,103.4161,1,0
0,425,0.8823529,8.215061,2,7.058824,0,92.07449,2,1
0,426,0.8888889,2.852411,1,6.666667,0,97.32269,1,0
0,427,0.9090909,2.182483,1,5.454545,0,96.16046,1,0
0,428,0,12.57296,1,5,0,108.7188,0,0
0,429,0.9230769,2.910103,1,4.615385,0,95.82645,1,0
0,430,0.9285714,7.271727,1,4.285714,0,90.49688,1,0
0,431,0.8888889,6.653965,3,10,0,99.55824,2,1
0,432,0.9230769,7.903298,1,4.615385,0,89.46789,1,0
0,433,0.8181818,4.485356,2,10.90909,0,96.3642,2,1
0,434,0.5925926,9.894826,2,4.444445,0,90.52837,2,0
0,435,0.9285714,7.427553,2,8.571428,0,103.1797,1,1
0,436,0.8125,6.567795,3,11.25,0,94.20946,3,0
0,437,0.8235294,8.38736,2,7.058824,0,90.97861,3,0
0,438,0.9,7.181314,1,6,0,101.9158,1,0
0,439,0.8333333,7.313581,2,10,0,100.3039,2,1
0,440,0.9166667,3.788762,1,5,0,94.90723,1,0
0,441,0.7692308,8.229031,2,9.230769,0,90.92422,3,0
0,442,0.95,3.916111,1,3,0,94.76311,1,0
0,443,0.8823529,6.131207,2,7.058824,0,102.4286,2,1
0,444,0.5454546,12.86207,2,10.90909,0,109.5997,1,0
0,445,0.6153846,8.398279,3,13.84615,0,95.11718,2.5,1
0,446,0.9230769,7.470464,1,4.615385,0,88.88386,1,0
0,447,0.9444444,6.354119,1,3.333333,0,94.03596,1,0
0,448,0.9333333,6.095928,1,4,0,92.61605,1,0
0,449,0.8421053,8.570366,1,3.157895,0,91.02108,1,0
0,450,0.9375,8.596972,2,7.5,0,103.4292,1,0
0,451,0.9130435,3.648954,2,5.217391,0,98.53873,2,1
0,452,0.4166667,8.305448,2,10,0,94.78194,3.5,0
0,453,0.875,7.539636,2,7.5,0,91.6444,2,0
0,454,0.9166667,3.831324,1,5,0,95.77368,1,0
0,455,0.8823529,3.375123,2,7.058824,0,96.6974,2,1
0,456,0.8181818,10.23966,2,10.90909,0,102.5742,1,0
0,457,0.9333333,5.769738,1,4,0,92.28852,1,0
0,458,0.9473684,3.233182,1,3.157895,0,99.18356,1,0
0,459,0.7272727,10.54724,2,10.90909,0,105.856,1.5,0
0,460,0.8571429,10.14967,2,8.571428,0,89.99583,2,1
0,461,0.2,11.6112,2,12,0,107.3384,8,0
0,462,0.9285714,4.245182,1,4.285714,0,93.813,1,0
0,463,0.9411765,2.988468,1,3.529412,0,98.45159,1,0
0,464,0.9230769,10.93778,1,4.615385,0,87.50594,1,0
0,465,0.9090909,3.789057,1,5.454545,0,94.43254,1,0
0,466,0.6,10.44077,1,4,0,89.73378,1,0
0,467,0.5925926,9.356297,1,2.222222,0,91.72964,1,0
0,468,0.9090909,4.796975,1,5.454545,0,98.28674,1,0
0,469,0.875,6.367085,1,2.5,0,93.14325,1,0
0,470,0.9230769,3.146455,1,4.615385,0,97.23073,1,0
0,471,0.8333333,9.917895,2,10,0,104.4668,2,1
0,472,0.8333333,4.702727,2,10,0,96.57269,2,1
0,473,0.9615384,6.941464,1,2.307692,0,104.5795,1,0
0,474,0.9090909,10.05458,1,5.454545,0,88.38073,1,0
0,475,0.9285714,6.11274,1,4.285714,0,101.769,1,0
0,476,0.8181818,9.06428,1,2.727273,0,89.50932,1,0
0,477,0.5,12.9125,2,12,0,87.09216,2,1
0,478,0.9166667,4.110182,2,10,0,94.86,1,0
0,479,0.875,8.31529,3,11.25,0,100.3444,2,0
0,480,0.4166667,11.50728,2,10,0,109.0461,1,0
0,481,0.9333333,7.251622,1,4,0,89.36101,1,0
0,482,0.9285714,3.35568,2,4.285714,0,99.37814,2,0
0,483,0.9333333,8.224154,1,4,0,104.3133,1,0
0,484,0.9375,6.30783,2,7.5,0,100.0028,1,0
0,485,0.9411765,6.062501,1,3.529412,0,103.7386,1,0
0,486,0.8888889,3.631377,2,4.444445,0,99.5771,3,0
0,487,0.9333333,2.725158,1,4,0,98.31348,1,0
0,488,0.9230769,8.863959,1,4.615385,0,89.13163,1,0
0,489,0.8333333,6.637184,2,10,0,93.47314,2,0
0,490,0.9090909,5.091762,1,5.454545,0,100.3142,1,0
0,491,0.8421053,7.636781,3,9.473684,0,93.08564,3,1
0,492,0.88,5.834957,2,4.8,0,93.45678,3,0
0,493,0.8333333,6.54467,2,10,0,92.20308,2,1
0,494,0.9642857,6.690031,1,2.142857,0,92.33274,1,0
0,495,0.6315789,10.74795,2,6.31579,0,108.0904,3.5,0
0,496,0.9090909,3.558719,1,5.454545,0,95.0753,1,0
0,497,0.9230769,2.646192,1,4.615385,0,95.54527,1,0
0,498,0.8333333,8.36412,3,15,0,92.03884,2,1
0,499,0.9285714,2.533925,1,4.285714,0,95.99331,1,0
0,500,0.95,5.620445,1,3,0,93.29565,1,0
0,501,0.7857143,8.234566,3,12.85714,0,99.3595,1.5,0
0,502,0.9166667,6.76251,1,5,0,91.62466,1,0
0,503,0.7333333,4.740138,2,8,0,95.98876,4,0
0,504,0.45,11.04695,2,6,0,108.1246,5.5,0
0,505,0.9285714,2.224921,1,4.285714,0,95.79819,1,0
0,506,0.962963,6.119948,1,2.222222,0,104.8466,1,0
0,507,0.1666667,13.53388,2,10,0,108.3294,1,0
0,508,0.8333333,5.222053,1,5,0,99.23525,2,0
0,509,0.9230769,2.910807,1,4.615385,0,97.80702,1,0
0,510,0.875,6.133169,2,7.5,0,94.13076,2,0
0,511,0.8571429,7.973039,3,12.85714,0,93.39417,2,0
0,512,0.9090909,7.377222,1,5.454545,0,89.85784,1,0
0,513,0.9166667,3.911501,3,7.5,0,98.15331,2,2
0,514,0.9166667,4.244852,1,5,0,94.24485,1,0
0,515,0.8571429,9.207312,3,12.85714,0,100.43,2,0
0,516,0.9166667,4.319391,1,5,0,93.87597,1,0
0,517,0.8947368,9.192135,2,6.31579,0,90.28078,2,0
0,518,0.9090909,5.168444,1,5.454545,0,92.78012,1,0
0,519,0.9285714,3.06905,1,4.285714,0,98.50063,1,0
0,520,0.8571429,5.70618,2,8.571428,0,94.03386,2,1
0,521,0.952381,4.703298,2,5.714286,0,100.2428,1,1
0,522,0.4545455,12.03983,2,10.90909,0,107.5595,1,0
0,523,0.6666667,8.273228,1,2.5,0,107.1163,8,0
0,524,0.9285714,7.702992,1,4.285714,0,90.53521,1,0
0,525,0.9230769,7.723166,1,4.615385,0,90.96043,1,0
0,526,0.9285714,3.243648,1,4.285714,0,97.6917,1,0
0,527,0.6666667,8.237316,2,10,0,100.9851,2,0
0,528,0.8333333,10.04398,2,10,0,90.18539,2,1
0,529,0.6,9.350315,1,4,0,106.4025,6,0
0,530,0.96,3.239463,1,2.4,0,97.6629,1,0
0,531,0.8181818,5.615413,2,10.90909,0,98.05328,2,1
0,532,0.7894737,7.596007,1,3.157895,0,91.25319,1,0
0,533,0.9090909,2.608266,1,5.454545,0,95.86446,1,0
0,534,0.9583333,7.519735,2,5,0,103.8558,1,0
0,535,0.9285714,5.96436,1,4.285714,0,93.53363,1,0
0,536,0.8461539,9.510416,2,9.230769,0,104.263,2,0
0,537,0.5,11.16863,2,4.615385,0,89.66782,2,1
0,538,0.9473684,4.228255,1,3.157895,0,93.36472,1,0
0,539,0.7647059,9.321751,1,3.529412,0,105.5601,4,0
0,540,0.9285714,6.815808,1,4.285714,0,90.41424,1,0
0,541,0.9375,6.103138,1,3.75,0,102.5625,1,0
0,542,0.7857143,8.141172,2,8.571428,0,105.5632,1.5,0
0,543,0.7272727,5.380242,2,10.90909,0,97.34245,3,0
0,544,0.9375,2.932613,1,3.75,0,95.34128,1,0
0,545,0.9375,7.273859,1,3.75,0,92.2994,1,0
0,546,0.8461539,10.89997,2,9.230769,0,89.3008,2,1
0,547,0.9333333,6.490242,2,8,0,98.7318,1,0
0,548,0.1666667,12.27871,2,6.666667,0,108.1121,1,0
0,549,0.7272727,9.246556,4,21.81818,0,98.45316,3,0
0,550,0.1818182,13.04723,2,10.90909,0,106.9478,9,0
0,551,0.9333333,6.570763,1,4,0,92.80581,1,0
0,552,0.9444444,2.22078,1,3.333333,0,96.83241,1,0
0,553,0.75,6.617077,2,10,0,95.14017,1.5,0
0,554,0.8666667,6.424346,2,8,0,100.669,2,1
0,555,0.9230769,7.566018,1,4.615385,0,90.52222,1,0
0,556,0.8571429,3.709025,2,8.571428,0,96.9858,2,1
0,557,0.9090909,4.09435,1,5.454545,0,98.7274,1,0
0,558,0.7692308,7.322411,3,13.84615,0,95.80547,1.5,1
0,559,0.9090909,5.640366,1,5.454545,0,94.79596,1,0
0,560,0.9411765,2.890767,1,3.529412,0,97.52827,1,0
0,561,0.7272727,5.015288,2,10.90909,0,96.34497,3,0
0,562,0.9473684,3.906219,1,3.157895,0,95.0085,1,0
0,563,0.9230769,4.848504,1,4.615385,0,93.94446,1,0
0,564,0.6,7.381254,2,12,0,98.03311,4,0
0,565,0.9285714,8.339747,1,4.285714,0,89.99022,1,0
0,566,0.8571429,7.408244,2,8.571428,0,92.07793,2,1
0,567,0.9166667,2.746591,1,5,0,95.59507,1,0
0,568,0.5,10.89917,1,5,0,87.38572,1,0
0,569,0.96,3.995565,1,2.4,0,94.1759,1,0
0,570,0.5652174,9.699082,2,5.217391,0,108.2771,5,0
0,571,0.8333333,10.92207,1,5,0,87.14617,1,0
0,572,0.962963,3.363544,2,4.444445,0,98.33996,1,0
0,573,0.8888889,9.659468,2,6.666667,0,105.035,1,0
0,574,0.75,5.730049,2,10,0,94.33533,3,0
0,575,0.9230769,6.292261,1,4.615385,0,102.7934,1,0
0,576,0.8571429,6.957816,2,5.714286,0,92.83162,3,0
0,577,0.9230769,3.501382,1,4.615385,0,94.46574,1,0
0,578,0.9375,7.287252,2,7.5,0,101.3754,1,0
0,579,0.9090909,6.39129,1,5.454545,0,90.83415,1,0
0,580,0.9285714,5.859048,1,4.285714,0,91.42381,1,0
0,581,0.9375,7.430624,1,3.75,0,90.40733,1,0
0,582,0.9285714,5.624194,2,8.571428,0,99.15113,1,0
0,583,0.9,3.891458,2,6,0,96.11844,2,0
0,584,0.8461539,5.458293,2,9.230769,0,99.26195,2,0
0,585,0.9411765,7.319333,1,3.529412,0,90.43243,1,0
0,586,0.9090909,2.457114,1,5.454545,0,97.18806,1,0
0,587,0.3333333,13.94251,2,6.666667,0,113.0595,1,0
0,588,0.7,11.44208,3,18,0,90.44851,3,2
0,589,0.9,7.295535,2,12,0,98.20725,1,0
0,590,0.9473684,8.253773,2,6.31579,0,103.8442,1,0
0,591,0.9166667,7.839323,1,5,0,90.67647,1,0
0,592,0.9411765,3.104018,1,3.529412,0,94.86593,1,0
0,593,0.9230769,8.621545,1,4.615385,0,104.9517,1,0
0,594,0.7272727,5.961095,2,10.90909,0,96.91235,3,0
0,595,0.9230769,7.382359,1,4.615385,0,89.58607,1,0
0,596,0.7272727,8.229787,2,10.90909,0,101.3019,3,0
0,597,0.85,9.295194,2,6,0,89.86221,2,1
0,598,0.04761905,14.19717,2,5.714286,0,110.6244,1,1
0,599,0.8571429,6.206974,2,8.571428,0,99.96471,2,1
0,600,0.8947368,5.430118,3,9.473684,0,95.36297,2,0
0,601,0.7272727,7.433338,3,16.36364,0,94.09632,3,1
0,602,0.9333333,5.400324,1,4,0,93.38136,1,0
0,603,0.8181818,11.99803,2,10.90909,0,87.44589,2,1
0,604,0.9411765,6.298423,2,7.058824,0,100.5918,1,0
0,605,0.9090909,8.288984,1,5.454545,0,90.09366,1,0
0,606,0.8888889,7.474092,3,10,0,93.50491,2,1
0,607,0.9375,2.179492,1,3.75,0,96.23956,1,0
0,608,0.9333333,5.424848,1,4,0,93.92982,1,0
0,609,0.9411765,6.165382,1,3.529412,0,93.21397,1,0
0,610,0.6842105,8.783987,2,6.31579,0,90.7226,2,0
0,611,0.8695652,6.154744,4,10.43478,0,95.36848,3,1
0,612,0.9230769,7.674757,1,4.615385,0,102.6999,1,0
0,613,0.92,3.662775,3,7.2,0,97.05497,2,0
0,614,0.9,9.125373,1,6,0,104.3515,1,0
0,615,0.8571429,4.285042,2,8.571428,0,94.24022,2,1
0,616,0.8888889,7.960651,2,6.666667,0,91.05187,2,0
0,617,0.8333333,8.159813,2,10,0,91.70589,2,1
0,618,0.9166667,5.239492,1,5,0,101.8929,1,0
0,619,0.9166667,8.377538,1,5,0,89.55269,1,0
0,620,0.9285714,8.731416,1,4.285714,0,104.4947,1,0
0,621,0.8823529,5.022648,2,7.058824,0,95.65059,2,1
0,622,0.9090909,7.599407,2,5.454545,0,91.97623,2,0
0,623,0.9411765,2.358377,1,3.529412,0,97.17976,1,0
0,624,0.9375,6.060484,1,3.75,0,92.06635,1,0
0,625,0.9166667,4.480972,1,5,0,94.59968,1,0
0,626,0.9375,2.526452,1,3.75,0,95.66702,1,0
0,627,0.9230769,7.2872,1,4.615385,0,102.6142,1,0
0,628,0.8125,6.454616,4,15,0,96.41812,3,1
0,629,0.9333333,9.047932,2,8,0,104.4492,1,0
0,630,0.85,5.623024,3,9,0,94.23946,3,0
0,631,0.9090909,3.75032,1,5.454545,0,98.73928,1,0
0,632,0.9166667,5.253188,1,5,0,92.96043,1,0
0,633,0.9,9.210147,2,12,0,104.8922,1,0
0,634,0.8666667,9.11215,2,8,0,104.6622,2,1
0,635,0.9090909,4.077736,1,5.454545,0,98.69882,1,0
0,636,0.9545454,5.732022,1,2.727273,0,92.82582,1,0
0,637,0.9230769,1.971217,1,4.615385,0,96.34322,1,0
0,638,0.9375,6.044981,2,7.5,0,98.51005,1,0
0,639,0.9411765,4.819324,1,3.529412,0,100.9647,1,0
0,640,0.9,8.89173,1,6,0,103.6341,1,0
0,641,0,15.68073,2,6.31579,0,111.9477,0,0
0,642,0.5833333,11.74033,3,15,0,88.2609,2.5,0
0,643,0.6363636,10.17673,2,10.90909,0,100.9075,2,0
0,644,0.4,11.12954,1,6,0,86.11681,1,0
0,645,0.6875,10.17095,1,3.75,0,88.50668,1,0
0,646,0.8333333,5.900736,2,10,0,95.01429,2,1
0,647,0.9375,6.1747,1,3.75,0,92.21964,1,0
0,648,0.8461539,6.781002,2,9.230769,0,100.869,2,0
0,649,0.8,9.049604,2,8,0,105.0939,1,0
0,650,0.9285714,3.368483,1,4.285714,0,99.58659,1,0
0,651,0.9166667,10.10738,1,5,0,87.57404,1,0
0,652,0.8666667,6.236557,3,12,0,99.41703,2,0
0,653,0.9166667,6.633459,1,5,0,102.466,1,0
0,654,0.9411765,5.244522,1,3.529412,0,93.48227,1,0
0,655,0.9333333,9.751058,2,8,0,104.2484,1,0
0,656,0.9166667,8.60347,1,5,0,90.47224,1,0
0,657,0.95,5.902164,2,6,0,103.6882,1,1
0,658,0.1666667,11.67861,1,5,0,107.9228,10,0
0,659,0.95,4.641445,2,6,0,97.17253,1,0
0,660,0.8125,9.39131,3,11.25,0,90.86913,3,2
0,661,0.9230769,6.174945,1,4.615385,0,92.66191,1,0
0,662,0.9166667,5.018066,1,5,0,94.38605,1,0
0,663,0.8571429,8.529042,2,8.571428,0,103.5429,2,1
0,664,0.8571429,9.66085,2,8.571428,0,105.2043,1,0
0,665,0.952381,6.338123,1,2.857143,0,93.71307,1,0
0,666,0.4545455,11.86866,2,10.90909,0,107.314,1,0
0,667,0.9375,4.718634,1,3.75,0,94.74887,1,0
0,668,0.95,2.499873,1,3,0,98.34277,1,0
0,669,0.9444444,2.824669,1,3.333333,0,98.28239,1,0
0,670,0.9285714,5.636664,2,8.571428,0,96.70193,1,0
0,671,0.9473684,7.494514,1,3.157895,0,104.8817,1,0
0,672,0.8333333,8.568375,4,13.33333,0,92.38152,3,0
0,673,0.5384616,11.94068,2,9.230769,0,112.4567,1,0
0,674,0.6666667,9.864506,1,4,0,106.5188,5,0
0,675,0.9375,4.819338,1,3.75,0,93.97771,1,0
0,676,0.5454546,11.37389,1,5.454545,0,86.08243,1,0
0,677,0.9230769,8.678301,1,4.615385,0,89.80811,1,0
0,678,0.9166667,8.946318,1,5,0,89.14314,1,0
0,679,0.8333333,4.374822,2,10,0,95.14764,2,1
0,680,0.6666667,9.69567,3,15,0,90.41624,2,0
0,681,0.9166667,4.965457,3,7.5,0,99.47034,2,0
0,682,0.8571429,5.234672,2,8.571428,0,93.71801,2,1
0,683,0.9444444,6.517369,1,3.333333,0,102.1494,1,0
0,684,0.9090909,4.360313,1,5.454545,0,93.26844,1,0
0,685,0.8571429,6.912532,2,8.571428,0,91.64079,2,0
0,686,0.9166667,3.805379,2,5,0,98.9992,2,1
0,687,0.9230769,7.544295,1,4.615385,0,90.67779,1,0
0,688,0.7826087,9.013484,2,5.217391,0,106.1962,2.5,1
0,689,0.9090909,8.566089,1,5.454545,0,90.73606,1,0
0,690,0.9230769,5.435701,1,4.615385,0,100.3019,1,0
0,691,0.9230769,5.337692,2,9.230769,0,93.36134,1,0
0,692,0.9130435,5.379431,2,5.217391,0,94.15137,2,0
0,693,0.9473684,4.22932,1,3.157895,0,102.6113,1,0
0,694,0.9285714,6.438784,1,4.285714,0,91.20789,1,0
0,695,0.8333333,7.223978,2,10,0,93.00283,2,0
0,696,0.962963,3.375772,1,2.222222,0,98.43813,1,0
0,697,0.9333333,3.196721,1,4,0,99.90921,1,0
0,698,0.96,5.174856,1,2.4,0,95.02242,1,0
0,699,0.9166667,7.181573,2,5,0,105.146,1,0
0,700,0.9166667,4.766753,1,5,0,101.1638,1,0
0,701,0.9333333,4.972217,1,4,0,93.19154,1,0
0,702,0.9090909,6.400158,1,5.454545,0,92.87321,1,0
0,703,0.8571429,6.953975,2,8.571428,0,100.49,2,1
0,704,0.9333333,7.238715,1,4,0,103.3428,1,0
0,705,0.76,8.988403,2,4.8,0,106.2133,3,0
0,706,0.9230769,4.142443,1,4.615385,0,94.39671,1,0
0,707,0.4736842,10.08881,1,3.157895,0,107.6942,10,0
0,708,0.9444444,2.372026,1,3.333333,0,97.50022,1,0
0,709,0.9375,2.421717,1,3.75,0,96.96413,1,0
0,710,0.9615384,5.700301,1,2.307692,0,92.49774,1,0
0,711,0.9166667,4.688702,1,5,0,99.89163,1,0
0,712,0.9333333,6.107831,1,4,0,92.20313,1,0
0,713,0.9333333,2.619061,1,4,0,97.75833,1,0
0,714,0.9,3.237783,1,6,0,93.57004,1,0
0,715,0.9166667,5.19109,1,5,0,101.6546,1,0
0,716,0.8571429,4.534798,2,8.571428,0,98.25847,2,0
0,717,0.9285714,5.90136,1,4.285714,0,102.054,1,0
0,718,0.8666667,9.310262,1,4,0,90.79267,1,0
0,719,0.95,7.599329,1,3,0,90.19312,1,0
0,720,0.9545454,7.89041,2,5.454545,0,103.9137,1,0
0,721,0.6,8.771925,2,12,0,96.13618,4,0
0,722,0.9285714,6.091538,1,4.285714,0,91.4988,1,0
0,723,0.9166667,7.15617,1,5,0,90.2058,1,0
0,724,0.8666667,6.110136,2,8,0,94.12545,2,0
0,725,0.8666667,5.389618,2,8,0,93.77052,2,1
0,726,0.8125,5.390514,2,7.5,0,95.32069,3,0
0,727,0.9285714,5.305919,1,4.285714,0,93.32883,1,0
0,728,0.9,3.577824,1,6,0,95.45056,1,0
0,729,0.8571429,3.311601,2,8.571428,0,97.33603,2,1
0,730,0.9333333,8.307833,1,4,0,89.15382,1,0
0,731,0.9230769,5.69591,1,4.615385,0,92.5098,1,0
0,732,0.8888889,8.055576,2,6.666667,0,104.384,2,1
0,733,0.8823529,8.615256,2,7.058824,0,105.3664,1,0
0,734,0.8888889,4.108613,2,6.666667,0,98.40694,2,0
0,735,0.9285714,8.194015,1,4.285714,0,104.285,1,0
0,736,0.7894737,8.855185,4,12.63158,0,101.8766,2,0
0,737,0.9166667,5.267244,1,5,0,100.7208,1,0
0,738,0.9166667,6.704494,1,5,0,91.73218,1,0
0,739,0.4705882,10.82704,2,7.058824,0,106.2466,4.5,0
0,740,0.8947368,7.881532,2,6.31579,0,104.9609,2,1
0,741,0.9285714,4.221273,1,4.285714,0,94.04311,1,0
0,742,0.9,9.354735,2,12,0,101.7269,1,0
0,743,0.6,8.397574,2,12,0,93.7579,2,0
0,744,0.9166667,4.448505,1,5,0,94.1318,1,0
0,745,0.9,4.092323,1,6,0,97.33473,1,0
0,746,0.8888889,4.564836,2,6.666667,0,97.62029,2,1
0,747,0.9285714,2.914957,1,4.285714,0,96.61499,1,0
0,748,0.952381,5.91491,1,2.857143,0,103.3412,1,0
0,749,0.9375,5.204992,1,3.75,0,92.11613,1,0
0,750,0.9166667,6.08202,1,5,0,90.77132,1,0
0,751,0.4444444,10.71969,2,6.666667,0,106.9242,1,0
0,752,0.8636364,6.889316,1,2.727273,0,92.67502,1,0
0,753,0.9090909,4.342465,1,5.454545,0,94.51017,1,0
0,754,0.9473684,3.073261,1,3.157895,0,96.31457,1,0
0,755,0.8333333,8.081674,2,10,0,92.16858,2,1
0,756,0.8636364,7.578148,1,2.727273,0,90.44805,1,0
0,757,0.6666667,10.40284,2,10,0,87.73232,2,0
0,758,0.8571429,8.516995,1,2.857143,0,91.1608,1,0
0,759,0.9444444,3.86334,1,3.333333,0,96.49309,1,0
0,760,0.8823529,8.322255,2,7.058824,0,90.90556,2,1
0,761,0.8333333,6.752764,2,10,0,93.78754,2,1
0,762,0.9411765,6.835741,1,3.529412,0,91.49895,1,0
0,763,0.8125,4.675175,3,11.25,0,94.40846,3,0
0,764,0.9166667,7.557068,2,10,0,92.47164,1,0
0,765,0.8518519,6.802332,2,4.444445,0,106.433,2,0
0,766,0.8461539,8.959126,2,9.230769,0,103.143,2,1
0,767,0.8666667,5.347385,2,8,0,100.1725,2,1
0,768,0.8333333,3.209967,2,10,0,96.08149,2,1
0,769,0.8666667,8.813936,2,8,0,110.5799,1,0
0,770,0.9642857,6.622235,1,2.142857,0,93.97044,1,0
0,771,0.8095238,8.098926,1,2.857143,0,91.13017,1,0
0,772,0.9333333,6.451395,1,4,0,92.82205,1,0
0,773,0.9473684,4.113455,1,3.157895,0,100.993,1,0
0,774,0.952381,2.993333,1,2.857143,0,95.92822,1,0
0,775,0.9166667,7.140116,1,5,0,90.17492,1,0
0,776,0.962963,2.459126,1,2.222222,0,98.36813,1,0
0,777,0.8181818,5.912091,2,10.90909,0,94.62569,2,0
0,778,0.9333333,2.736759,1,4,0,96.37818,1,0
0,779,0.962963,4.697851,2,4.444445,0,101.308,1,0
0,780,0.8,6.406506,2,12,0,99.47718,2,1
0,781,0.9,5.758737,1,6,0,100.857,1,0
0,782,0.9166667,5.934946,1,5,0,93.21622,1,0
0,783,0.9473684,7.63423,1,3.157895,0,91.18735,1,0
0,784,0.9444444,2.865075,1,3.333333,0,97.93304,1,0
0,785,0.8421053,6.273847,1,3.157895,0,105.4834,3,0
0,786,0.9285714,8.581964,2,8.571428,0,103.0708,1,0
0,787,0.9166667,3.327513,1,5,0,95.9556,1,0
0,788,0.9166667,2.047035,1,5,0,96.15285,1,0
0,789,0.9,4.428193,1,6,0,93.6202,1,0
0,790,0.9411765,7.887084,2,7.058824,0,102.9104,1,0
0,791,0.8666667,8.884951,3,12,0,100.2045,2,0
0,792,0.9230769,6.982049,1,4.615385,0,91.51948,1,0
0,793,0.8888889,4.299217,2,6.666667,0,94.8343,2,1
0,794,0.9090909,2.615166,1,5.454545,0,95.80945,1,0
0,795,0.9166667,9.278637,1,5,0,87.58005,1,0
0,796,0.9230769,4.706367,3,6.923077,0,97.21284,2,1
0,797,0.9166667,4.209289,2,10,0,95.91523,1,0
0,798,0.8181818,7.352768,2,10.90909,0,93.33233,2,1
0,799,0,13.37931,2,10,0,107.365,0,0
0,800,0.9285714,2.664047,1,4.285714,0,95.54927,1,0
0,801,0.7857143,6.469056,2,8.571428,0,98.67302,1.5,0
0,802,0.8666667,5.741964,2,8,0,92.63797,2,1
0,803,0.9166667,3.246491,1,5,0,94.45619,1,0
0,804,0.92,6.344951,2,4.8,0,104.025,2,1
0,805,0.4285714,8.230433,2,8.571428,0,97.21209,8,0
0,806,0.9230769,3.026615,1,4.615385,0,95.80814,1,0
0,807,0.9230769,7.302414,1,4.615385,0,89.71766,1,0
0,808,0,12.25589,1,5.454545,0,108.3892,0,0
0,809,0.8571429,8.026929,2,8.571428,0,90.6924,2,0
0,810,0.9230769,9.249776,1,4.615385,0,89.62267,1,0
0,811,0.9375,3.680475,1,3.75,0,98.48783,1,0
0,812,0.9,4.910833,1,6,0,100.1109,1,0
0,813,0.7272727,9.788697,3,16.36364,0,92.48184,3,0
0,814,0.8666667,4.914702,2,8,0,93.63152,2,0
0,815,0.2727273,13.06019,2,10.90909,0,107.262,8,0
0,816,0.8333333,9.24571,2,10,0,89.95991,2,0
0,817,0.3333333,13.70216,2,8,0,111.4904,1,0
0,818,0.8,8.799024,1,4,0,89.6983,1,0
0,819,0.8461539,9.995455,2,9.230769,0,88.99351,2,1
0,820,0.8666667,8.381344,2,8,0,102.3535,1,0
0,821,0.8888889,6.235906,2,6.666667,0,94.10228,2,1
0,822,0.96,6.663303,1,2.4,0,90.23017,1,0
0,823,0.6666667,10.37605,2,10,0,103.3264,4,0
0,824,0.8888889,3.130832,2,6.666667,0,95.2501,2,1
0,825,0.962963,3.670238,1,2.222222,0,97.13811,1,0
0,826,0.9166667,6.088383,1,5,0,91.72326,1,0
0,827,0.9285714,4.986945,1,4.285714,0,92.7747,1,0
0,828,0.95,2.436412,1,3,0,96.61815,1,0
0,829,0.625,9.392634,1,2.5,0,91.28661,1,0
0,830,0.9545454,7.402987,1,2.727273,0,90.4614,1,0
0,831,0.7777778,8.935986,2,4.444445,0,89.63748,2,0
0,832,0.9333333,3.90001,1,4,0,100.353,1,0
0,833,0.9166667,5.408479,1,5,0,92.91089,1,0
0,834,0.9565217,3.667366,2,5.217391,0,97.5022,1,0
0,835,0.9230769,2.361329,1,4.615385,0,97.99559,1,0
0,836,0.9285714,2.896792,1,4.285714,0,97.68372,1,0
0,837,0.7857143,5.242715,3,12.85714,0,96.43266,3,0
0,838,0.9230769,3.004791,1,4.615385,0,97.20386,1,0
0,839,0.9333333,5.868897,2,8,0,98.57251,1,0
0,840,0.9230769,7.252728,2,9.230769,0,92.35378,1,0
0,841,0.7142857,7.169411,3,12.85714,0,95.11948,4,0
0,842,0.875,4.887677,2,5,0,93.47115,3,0
0,843,0.8461539,10.76001,3,13.84615,0,97.26907,2,1
0,844,0.8461539,6.92888,2,9.230769,0,92.37515,2,1
0,845,0.9285714,3.209385,1,4.285714,0,98.55657,1,0
0,846,0.952381,7.761652,1,2.857143,0,104.2703,1,0
0,847,0.875,7.568852,2,7.5,0,90.18814,2,1
0,848,0.9411765,8.915759,2,7.058824,0,102.8357,1,0
0,849,0.8148148,7.264617,2,4.444445,0,93.91936,2,1
0,850,0.8333333,5.72311,2,10,0,99.37364,2,1
0,851,0.8666667,10.76345,2,8,0,86.91043,2,1
0,852,0.875,7.462986,2,7.5,0,91.98666,2,1
0,853,0.9230769,3.414973,1,4.615385,0,94.17155,1,0
0,854,0.4615385,11.00504,3,13.84615,0,90.23137,7,0
0,855,0.9047619,3.607984,2,5.714286,0,98.86694,2,1
0,856,0.9,6.540357,1,3,0,92.62222,1,0
0,857,0.8461539,4.969466,2,9.230769,0,98.50971,2,1
0,858,0.8666667,5.826067,2,8,0,100.0218,2,1
0,859,0.9090909,6.801422,1,5.454545,0,91.07316,1,0
0,860,0.65,9.960293,2,6,0,106.4697,3.5,0
0,861,0.9473684,2.429558,1,3.157895,0,97.20948,1,0
0,862,0.9411765,6.461465,2,7.058824,0,96.65439,1,0
0,863,0.8461539,6.063704,2,9.230769,0,101.4532,1,0
0,864,0.8,9.106369,1,3,0,89.62579,1,0
0,865,0.9333333,8.283332,1,4,0,89.45041,1,0
0,866,0.9090909,2.874254,1,5.454545,0,94.07187,1,0
0,867,0.75,10.07427,2,10,0,103.5953,3,0
0,868,0.3636364,8.272297,2,10.90909,0,94.91862,7,0
0,869,0.5625,8.059192,3,11.25,0,93.94488,3.5,0
0,870,0.9333333,7.747343,1,4,0,92.12332,1,0
0,871,0.2142857,16.28908,2,8.571428,0,114.3239,1,0
0,872,0.5833333,11.22151,2,10,0,107.5968,1,0
0,873,0.8181818,7.241102,2,10.90909,0,100.1186,2,1
0,874,0.6428571,9.316995,2,8.571428,0,106.8585,2.5,0
0,875,0.5,12.31999,2,10,0,108.8616,1,0
0,876,0.96,5.725355,3,7.2,0,102.4757,1,0
0,877,0.5333334,11.5958,3,12,0,92.6375,3.5,1
0,878,0.9375,5.227724,1,3.75,0,92.18202,1,0
0,879,0.8333333,9.547632,1,5,0,105.3795,2,0
0,880,0.875,4.650147,2,7.5,0,100.7475,2,1
0,881,0.9166667,4.331622,1,5,0,94.64019,1,0
0,882,0.8333333,8.251287,2,10,0,97.96207,1,0
0,883,0.07142857,12.30447,2,8.571428,0,107.2009,1,0
0,884,0.9444444,3.75561,1,3.333333,0,99.63318,1,0
0,885,0.6111111,10.09347,3,10,0,90.6951,7,0
0,886,0.9230769,6.582219,1,4.615385,0,90.66597,1,0
0,887,0.9166667,9.681081,1,5,0,87.88457,1,0
0,888,0.9285714,9.29892,1,4.285714,0,87.69586,1,0
0,889,0.9473684,5.079848,1,3.157895,0,93.21897,1,0
0,890,0.6923077,10.22663,1,4.615385,0,87.54376,1,0
0,891,0.9642857,1.924784,1,2.142857,0,97.21285,1,0
0,892,0.9047619,5.852803,2,5.714286,0,93.77494,2,1
0,893,0.7857143,8.104521,4,17.14286,0,100.7513,3,0
0,894,0.8125,3.568516,2,7.5,0,96.3381,3,0
0,895,0.9565217,2.591196,1,2.608696,0,99.11353,1,0
0,896,0.9473684,2.648837,1,3.157895,0,99.70885,1,0
0,897,0.9333333,5.283016,1,4,0,92.73275,1,0
0,898,0.9,9.923625,1,6,0,88.95444,1,0
0,899,0.8461539,4.944591,2,9.230769,0,95.49029,2,0
0,900,0.9285714,5.89771,3,6.428571,0,94.38096,2,0
0,901,0.9375,4.728224,1,3.75,0,93.88539,1,0
0,902,0.9285714,6.994401,1,4.285714,0,102.9713,1,0
0,903,0.8888889,4.476025,1,6.666667,0,94.69279,1,0
0,904,0.9333333,4.653734,1,4,0,94.18266,1,0
0,905,0.95,4.074926,2,6,0,97.97407,1,0
0,906,0.9230769,3.274673,1,4.615385,0,99.20791,1,0
0,907,0.9444444,4.113214,2,6.666667,0,97.22407,1,0
0,908,0.9375,5.968011,1,3.75,0,92.23256,1,0
0,909,0.8181818,6.169911,2,10.90909,0,100.5697,2,0
0,910,0.8333333,9.769229,2,10,0,90.2578,2,1
0,911,0.9565217,4.776725,2,5.217391,0,96.84407,1,0
0,912,0.6666667,9.415362,3,15,0,92.27118,4,1
0,913,0.9090909,7.627675,1,5.454545,0,91.20574,1,0
0,914,0.9615384,5.721634,3,6.923077,0,100.9592,1,0
0,915,0.9285714,5.828994,1,4.285714,0,93.07438,1,0
0,916,0.9285714,5.130381,2,4.285714,0,97.84908,1,0
0,917,0.6785714,9.976633,1,2.142857,0,88.29057,1,0
0,918,0.9411765,3.031088,1,3.529412,0,98.15857,1,0
0,919,0.9090909,6.260834,1,5.454545,0,101.7877,1,0
0,920,0.8947368,4.357359,3,9.473684,0,97.26627,2,1
0,921,0.68,10.51723,2,4.8,0,107.7359,4,0
0,922,0.5833333,10.36832,1,5,0,88.61625,1,0
0,923,0.9130435,7.297185,2,5.217391,0,92.40987,2,1
0,924,0.9285714,2.939644,1,4.285714,0,95.44917,1,0
0,925,0.5333334,10.72159,1,4,0,87.77747,1,0
0,926,0.2142857,12.35664,2,8.571428,0,107.4632,5.5,0
0,927,0.8,9.389735,1,4,0,105.3042,1.5,0
0,928,0.8333333,8.569453,2,10,0,90.7257,2,0
0,929,0.9333333,3.806123,1,4,0,94.27521,1,0
0,930,0.8571429,3.733704,2,8.571428,0,95.1136,2,1
0,931,0.9565217,5.393588,2,5.217391,0,93.64513,1,0
0,932,0.9090909,6.136735,1,5.454545,0,92.82502,1,0
0,933,0.9375,2.338392,1,3.75,0,96.87073,1,0
0,934,0.3157895,12.08646,2,6.31579,0,109.6928,1,0
0,935,0.8571429,7.798363,2,5.714286,0,103.3166,3,0
0,936,0.8461539,8.034223,2,9.230769,0,92.4675,2,1
0,937,0.8333333,7.522564,2,10,0,90.69214,2,1
0,938,0.9090909,2.545723,1,5.454545,0,97.05764,1,0
0,939,0.9230769,5.495716,1,4.615385,0,100.8445,1,0
0,940,0.9333333,7.892484,2,8,0,102.356,1,0
0,941,0.9090909,8.451761,1,5.454545,0,103.8934,1,0
0,942,0.9259259,3.620101,2,4.444445,0,98.71311,2,0
0,943,0.9642857,3.193969,1,2.142857,0,100.2763,1,0
0,944,0.9166667,6.795013,1,5,0,92.03515,1,0
0,945,0.9090909,5.782514,1,5.454545,0,100.6738,1,0
0,946,0.8947368,7.170106,2,6.31579,0,99.69314,1,0
0,947,0.3529412,11.60213,2,7.058824,0,108.0901,11,0
0,948,0.9615384,2.898079,1,2.307692,0,100.4144,1,0
0,949,0.8181818,8.165782,1,5.454545,0,105.1609,2,0
0,950,0.9230769,5.308841,1,4.615385,0,92.13753,1,0
0,951,0.9166667,8.911709,2,10,0,101.6228,1,0
0,952,0.9166667,7.026419,1,5,0,102.9413,1,0
0,953,0.952381,2.842062,2,5.714286,0,95.68637,1,0
0,954,0.9333333,3.168735,1,4,0,97.01936,1,0
0,955,0.9285714,5.573688,1,4.285714,0,92.63335,1,0
0,956,0.9411765,6.064637,2,7.058824,0,99.35989,1,0
0,957,0.9230769,7.794717,1,4.615385,0,91.62971,1,0
0,958,0.9411765,5.923072,1,3.529412,0,100.984,1,0
0,959,0.9230769,2.624256,1,4.615385,0,97.47373,1,0
0,960,0.9166667,2.90407,2,5,0,95.33734,2,0
0,961,0.9230769,4.072957,1,4.615385,0,97.88002,1,0
0,962,0.9090909,9.208716,1,5.454545,0,90.04095,1,0
0,963,0.6923077,9.378023,1,2.307692,0,91.32729,1,0
0,964,0.9,4.689526,1,6,0,99.77446,1,0
0,965,0.4,12.00595,3,18,0,93.60087,6,0
0,966,0.75,6.794515,2,10,0,93.14139,3,0
0,967,0.7727273,9.68865,2,5.454545,0,105.4818,5,0
0,968,0.9,4.2385,1,6,0,93.53582,1,0
0,969,0.4545455,9.786637,2,10.90909,0,90.4221,6,0
0,970,0.8636364,6.753653,2,5.454545,0,92.60944,3,0
0,971,0.5714286,9.44889,1,4.285714,0,105.5629,6,0
0,972,0.7272727,6.310795,3,16.36364,0,95.88954,3,2
0,973,0.8181818,7.508228,2,10.90909,0,92.85949,2,1
0,974,0.9090909,2.813313,1,5.454545,0,98.18069,1,0
0,975,0.9473684,5.734783,1,3.157895,0,92.95865,1,0
0,976,0.8125,7.210184,2,7.5,0,102.1833,3,0
0,977,0.9166667,2.556276,1,5,0,97.43062,1,0
0,978,0.4615385,11.66908,3,13.84615,0,89.11178,7,1
0,979,0.8571429,8.590418,3,12.85714,0,104.2142,2,0
0,980,0.8333333,5.12499,2,10,0,94.82843,2,1
0,981,0,13.15241,2,8.571428,0,108.1894,0,0
0,982,0.8333333,6.335046,2,10,0,92.58054,2,1
0,983,0.9230769,10.7658,1,4.615385,0,87.56534,1,0
0,984,0.9,8.947159,1,6,0,103.0229,1,0
0,985,0.9047619,6.346476,2,5.714286,0,92.78017,2,1
0,986,0.9285714,4.456388,1,4.285714,0,99.6946,1,0
0,987,0.9545454,6.740662,1,2.727273,0,103.1346,1,0
0,988,0.4,15.26281,2,8,0,116.7443,1,0
0,989,0.8125,9.442757,4,15,0,91.64954,3,0
0,990,0.8461539,4.848955,2,9.230769,0,96.79459,2,1
0,991,0.9166667,5.132568,1,5,0,100.0203,1,0
0,992,0.9285714,7.489732,1,4.285714,0,90.95206,1,0
0,993,0.8888889,8.052527,3,10,0,102.9296,2,0
0,994,0.9230769,5.735892,1,4.615385,0,92.8923,1,0
0,995,0.9166667,6.877669,1,5,0,92.14419,1,0
0,996,0.9285714,6.33636,2,8.571428,0,100.2521,1,0
0,997,0.04545455,14.51414,2,5.454545,0,112.2249,1,0
0,998,0.962963,3.254559,1,2.222222,0,95.97697,1,0
0,999,0.8333333,4.564691,2,10,0,94.63487,2,1
0,1000,0.9047619,3.468288,2,5.714286,0,98.12129,2,1
0,1001,0.9285714,3.869358,1,4.285714,0,93.51664,1,0
0,1002,0.9090909,4.554564,2,5.454545,0,93.76887,2,1
0,1003,0.8076923,7.743987,2,4.615385,0,92.93282,2,1
0,1004,0.9285714,7.768705,1,4.285714,0,90.11023,1,0
0,1005,0.9615384,4.160405,2,4.615385,0,94.82822,1,0
0,1006,0.9230769,10.13266,2,9.230769,0,104.9079,1,0
0,1007,0.9166667,6.917723,1,5,0,91.71472,1,0
0,1008,0.5714286,9.701776,2,8.571428,0,107.4917,1,0
0,1009,0.9166667,7.003942,1,5,0,91.05013,1,0
0,1010,0.8333333,4.841282,2,10,0,94.6637,2,1
0,1011,0.8333333,8.151229,2,10,0,91.57969,2,0
0,1012,0.8333333,4.427417,2,10,0,96.00269,2,1
0,1013,0.9545454,1.96143,1,2.727273,0,98.63931,1,0
0,1014,0.12,13.58705,2,4.8,0,111.0231,11,0
0,1015,0,11.57648,1,4,0,107.5115,0,0
0,1016,0.12,13.73139,2,4.8,0,112.3043,1,0
0,1017,0.9090909,4.470708,1,5.454545,0,94.32253,1,0
0,1018,0.9166667,2.99524,1,5,0,95.08479,1,0
0,1019,0.9090909,7.165775,2,10.90909,0,102.7234,1,0
0,1020,0.9230769,8.876537,1,4.615385,0,88.67365,1,0
0,1021,0.9166667,4.500479,1,5,0,93.85777,1,0
0,1022,0.8333333,8.907035,3,15,0,100.2513,2,1
0,1023,0.3076923,17.57781,2,4.615385,0,121.6206,1,0
0,1024,0.9333333,6.209144,2,8,0,97.42967,1,0
